{
    "_allocate_inputs": 4,
    "_allocate_outputs": 4,
    "cli_parameters": "generate --name network -m F:/Download/onnx_model/PENG_mode.onnx --type onnx --compression none --verbosity 1 --workspace C:\\Users\\11364\\AppData\\Local\\Temp\\mxAI_workspace154166861894005541198193864600714 --output C:\\Users\\11364\\.stm32cubemx\\network_output --allocate-inputs --allocate-outputs",
    "cli_version": {
        "major": 1,
        "micro": 0,
        "minor": 6
    },
    "cli_version_str": "1.6.0",
    "compression": {
        "factor": null,
        "layers": {}
    },
    "date_time": "Thu Sep 29 21:56:06 2022",
    "error": 0,
    "error_str": [],
    "exec_cmd": "generate",
    "exec_duration": 0.0,
    "hash": "41a85274099a2e8d013bfdd61381eaa7",
    "inputs": [
        "input_1"
    ],
    "layers": [
        {
            "c_id": [
                11
            ],
            "extras": {
                "n_macc": 0,
                "n_params": 7400,
                "psize": 29600,
                "rom_size": 29640
            },
            "id": 17,
            "inputs": [],
            "name": "fc1_1_weight",
            "original": "Gemm",
            "type": "Placeholder"
        },
        {
            "c_id": [],
            "extras": {
                "n_macc": 0,
                "n_params": 10,
                "psize": 40,
                "rom_size": 0
            },
            "id": 17,
            "inputs": [],
            "name": "fc1_1_bias",
            "original": "Gemm",
            "type": "Placeholder"
        },
        {
            "c_id": [
                13
            ],
            "extras": {
                "n_macc": 0,
                "n_params": 20,
                "psize": 80,
                "rom_size": 88
            },
            "id": 19,
            "inputs": [],
            "name": "fc2_0_weight",
            "original": "Gemm",
            "type": "Placeholder"
        },
        {
            "c_id": [],
            "extras": {
                "n_macc": 0,
                "n_params": 2,
                "psize": 8,
                "rom_size": 0
            },
            "id": 19,
            "inputs": [],
            "name": "fc2_0_bias",
            "original": "Gemm",
            "type": "Placeholder"
        },
        {
            "c_id": [],
            "extras": {
                "n_macc": 0,
                "n_params": 0,
                "psize": 0,
                "rom_output": {
                    "c_size": 5000,
                    "fmt": {
                        "format": "float"
                    },
                    "shape": [
                        1250,
                        1,
                        1,
                        1
                    ]
                },
                "rom_size": 0
            },
            "id": 0,
            "inputs": [],
            "name": "input_1",
            "original": "",
            "type": "Input"
        },
        {
            "c_id": [],
            "extras": {
                "n_macc": 11217,
                "n_params": 21,
                "psize": 84,
                "rom_output": {
                    "c_size": 7476,
                    "fmt": {
                        "format": "float"
                    },
                    "shape": [
                        623,
                        1,
                        3,
                        1
                    ]
                },
                "rom_size": 0
            },
            "id": 1,
            "inputs": [
                "input_1"
            ],
            "name": "node_40",
            "original": "Conv",
            "type": "Conv2D"
        },
        {
            "c_id": [
                0
            ],
            "extras": {
                "n_macc": 1869,
                "n_params": 0,
                "psize": 0,
                "rom_size": 84
            },
            "id": 2,
            "inputs": [
                "node_40"
            ],
            "name": "node_41",
            "original": "Relu",
            "type": "Nonlinearity"
        },
        {
            "c_id": [
                1
            ],
            "extras": {
                "n_macc": 3738,
                "n_params": 6,
                "psize": 24,
                "rom_output": {
                    "c_size": 7476,
                    "fmt": {
                        "format": "float"
                    },
                    "shape": [
                        623,
                        1,
                        3,
                        1
                    ]
                },
                "rom_size": 24
            },
            "id": 3,
            "inputs": [
                "node_41"
            ],
            "name": "node_42",
            "original": "BatchNormalization",
            "type": "ScaleBias"
        },
        {
            "c_id": [],
            "extras": {
                "n_macc": 23255,
                "n_params": 80,
                "psize": 320,
                "rom_output": {
                    "c_size": 6200,
                    "fmt": {
                        "format": "float"
                    },
                    "shape": [
                        310,
                        1,
                        5,
                        1
                    ]
                },
                "rom_size": 0
            },
            "id": 4,
            "inputs": [
                "node_42"
            ],
            "name": "node_43",
            "original": "Conv",
            "type": "Conv2D"
        },
        {
            "c_id": [
                2
            ],
            "extras": {
                "n_macc": 1550,
                "n_params": 0,
                "psize": 0,
                "rom_size": 320
            },
            "id": 5,
            "inputs": [
                "node_43"
            ],
            "name": "node_44",
            "original": "Relu",
            "type": "Nonlinearity"
        },
        {
            "c_id": [
                3
            ],
            "extras": {
                "n_macc": 3100,
                "n_params": 10,
                "psize": 40,
                "rom_output": {
                    "c_size": 6200,
                    "fmt": {
                        "format": "float"
                    },
                    "shape": [
                        310,
                        1,
                        5,
                        1
                    ]
                },
                "rom_size": 40
            },
            "id": 6,
            "inputs": [
                "node_44"
            ],
            "name": "node_45",
            "original": "BatchNormalization",
            "type": "ScaleBias"
        },
        {
            "c_id": [],
            "extras": {
                "n_macc": 30810,
                "n_params": 210,
                "psize": 840,
                "rom_output": {
                    "c_size": 6160,
                    "fmt": {
                        "format": "float"
                    },
                    "shape": [
                        154,
                        1,
                        10,
                        1
                    ]
                },
                "rom_size": 0
            },
            "id": 7,
            "inputs": [
                "node_45"
            ],
            "name": "node_46",
            "original": "Conv",
            "type": "Conv2D"
        },
        {
            "c_id": [
                4
            ],
            "extras": {
                "n_macc": 1540,
                "n_params": 0,
                "psize": 0,
                "rom_size": 840
            },
            "id": 8,
            "inputs": [
                "node_46"
            ],
            "name": "node_47",
            "original": "Relu",
            "type": "Nonlinearity"
        },
        {
            "c_id": [
                5
            ],
            "extras": {
                "n_macc": 3080,
                "n_params": 20,
                "psize": 80,
                "rom_output": {
                    "c_size": 6160,
                    "fmt": {
                        "format": "float"
                    },
                    "shape": [
                        154,
                        1,
                        10,
                        1
                    ]
                },
                "rom_size": 80
            },
            "id": 9,
            "inputs": [
                "node_47"
            ],
            "name": "node_48",
            "original": "BatchNormalization",
            "type": "ScaleBias"
        },
        {
            "c_id": [],
            "extras": {
                "n_macc": 60820,
                "n_params": 820,
                "psize": 3280,
                "rom_output": {
                    "c_size": 6080,
                    "fmt": {
                        "format": "float"
                    },
                    "shape": [
                        76,
                        1,
                        20,
                        1
                    ]
                },
                "rom_size": 0
            },
            "id": 10,
            "inputs": [
                "node_48"
            ],
            "name": "node_49",
            "original": "Conv",
            "type": "Conv2D"
        },
        {
            "c_id": [
                6
            ],
            "extras": {
                "n_macc": 1520,
                "n_params": 0,
                "psize": 0,
                "rom_size": 3280
            },
            "id": 11,
            "inputs": [
                "node_49"
            ],
            "name": "node_50",
            "original": "Relu",
            "type": "Nonlinearity"
        },
        {
            "c_id": [
                7
            ],
            "extras": {
                "n_macc": 3040,
                "n_params": 40,
                "psize": 160,
                "rom_output": {
                    "c_size": 6080,
                    "fmt": {
                        "format": "float"
                    },
                    "shape": [
                        76,
                        1,
                        20,
                        1
                    ]
                },
                "rom_size": 160
            },
            "id": 12,
            "inputs": [
                "node_50"
            ],
            "name": "node_51",
            "original": "BatchNormalization",
            "type": "ScaleBias"
        },
        {
            "c_id": [],
            "extras": {
                "n_macc": 59220,
                "n_params": 1620,
                "psize": 6480,
                "rom_output": {
                    "c_size": 2960,
                    "fmt": {
                        "format": "float"
                    },
                    "shape": [
                        37,
                        1,
                        20,
                        1
                    ]
                },
                "rom_size": 0
            },
            "id": 13,
            "inputs": [
                "node_51"
            ],
            "name": "node_52",
            "original": "Conv",
            "type": "Conv2D"
        },
        {
            "c_id": [
                8
            ],
            "extras": {
                "n_macc": 740,
                "n_params": 0,
                "psize": 0,
                "rom_size": 6480
            },
            "id": 14,
            "inputs": [
                "node_52"
            ],
            "name": "node_53",
            "original": "Relu",
            "type": "Nonlinearity"
        },
        {
            "c_id": [
                9
            ],
            "extras": {
                "n_macc": 1480,
                "n_params": 40,
                "psize": 160,
                "rom_output": {
                    "c_size": 2960,
                    "fmt": {
                        "format": "float"
                    },
                    "shape": [
                        37,
                        1,
                        20,
                        1
                    ]
                },
                "rom_size": 160
            },
            "id": 15,
            "inputs": [
                "node_53"
            ],
            "name": "node_54",
            "original": "BatchNormalization",
            "type": "ScaleBias"
        },
        {
            "c_id": [
                10
            ],
            "extras": {
                "n_macc": 0,
                "n_params": 0,
                "psize": 0,
                "rom_size": 0
            },
            "id": 16,
            "inputs": [
                "node_54"
            ],
            "name": "node_56",
            "original": "Reshape",
            "type": "Reshape"
        },
        {
            "c_id": [],
            "extras": {
                "n_macc": 7410,
                "n_params": 0,
                "psize": 0,
                "rom_output": {
                    "c_size": 40,
                    "fmt": {
                        "format": "float"
                    },
                    "shape": [
                        1,
                        1,
                        10,
                        1
                    ]
                },
                "rom_size": 0
            },
            "id": 17,
            "inputs": [
                "node_56",
                "fc1_1_weight",
                "fc1_1_bias"
            ],
            "name": "node_57",
            "original": "Gemm",
            "type": "Gemm"
        },
        {
            "c_id": [
                12
            ],
            "extras": {
                "n_macc": 10,
                "n_params": 0,
                "psize": 0,
                "rom_output": {
                    "c_size": 40,
                    "fmt": {
                        "format": "float"
                    },
                    "shape": [
                        1,
                        1,
                        10,
                        1
                    ]
                },
                "rom_size": 0
            },
            "id": 18,
            "inputs": [
                "node_57"
            ],
            "name": "node_58",
            "original": "Relu",
            "type": "Nonlinearity"
        },
        {
            "c_id": [],
            "extras": {
                "n_macc": 22,
                "n_params": 0,
                "psize": 0,
                "rom_output": {
                    "c_size": 8,
                    "fmt": {
                        "format": "float"
                    },
                    "shape": [
                        1,
                        1,
                        2,
                        1
                    ]
                },
                "rom_size": 0
            },
            "id": 19,
            "inputs": [
                "node_58",
                "fc2_0_weight",
                "fc2_0_bias"
            ],
            "name": "node_59",
            "original": "Gemm",
            "type": "Gemm"
        }
    ],
    "model_files": [
        "F:\\Download\\onnx_model\\PENG_mode.onnx"
    ],
    "model_n_params": 10299,
    "model_name": "PENG_mode",
    "model_size": 41196,
    "model_type": "onnx",
    "name": "network",
    "outputs": [
        "node_59"
    ],
    "ram_io_size": [
        5000,
        8
    ],
    "ram_size": [
        7804,
        7804
    ],
    "report_version": 1.1,
    "rom_cfact": 1.0,
    "rom_heap_inspector": 2048,
    "rom_inputs": [
        {
            "c_size": 5000,
            "c_type": "float",
            "name": "input_1"
        }
    ],
    "rom_n_macc": 214421,
    "rom_outputs": [
        {
            "c_size": 8,
            "c_type": "float",
            "name": "node_59"
        }
    ],
    "rom_size": 41196,
    "strategy": "heap_overlay",
    "tools_api_version": {
        "major": 1,
        "micro": 0,
        "minor": 6
    },
    "tools_version": {
        "extra": "RC5",
        "major": 7,
        "micro": 0,
        "minor": 2
    },
    "val_error": -1.0,
    "val_error_desc": "None (None) #-1",
    "val_metrics": []
}